CREATE DATABASE  IF NOT EXISTS `dgo` /*!40100 DEFAULT CHARACTER SET utf8 */;
USE `dgo`;
-- MySQL dump 10.13  Distrib 5.7.9, for Win32 (AMD64)
--
-- Host: 127.0.0.1    Database: dgo
-- ------------------------------------------------------
-- Server version	5.7.15-log

/*!40101 SET @OLD_CHARACTER_SET_CLIENT=@@CHARACTER_SET_CLIENT */;
/*!40101 SET @OLD_CHARACTER_SET_RESULTS=@@CHARACTER_SET_RESULTS */;
/*!40101 SET @OLD_COLLATION_CONNECTION=@@COLLATION_CONNECTION */;
/*!40101 SET NAMES utf8 */;
/*!40103 SET @OLD_TIME_ZONE=@@TIME_ZONE */;
/*!40103 SET TIME_ZONE='+00:00' */;
/*!40014 SET @OLD_UNIQUE_CHECKS=@@UNIQUE_CHECKS, UNIQUE_CHECKS=0 */;
/*!40014 SET @OLD_FOREIGN_KEY_CHECKS=@@FOREIGN_KEY_CHECKS, FOREIGN_KEY_CHECKS=0 */;
/*!40101 SET @OLD_SQL_MODE=@@SQL_MODE, SQL_MODE='NO_AUTO_VALUE_ON_ZERO' */;
/*!40111 SET @OLD_SQL_NOTES=@@SQL_NOTES, SQL_NOTES=0 */;

--
-- Table structure for table `anuf`
--

DROP TABLE IF EXISTS `anuf`;
/*!40101 SET @saved_cs_client     = @@character_set_client */;
/*!40101 SET character_set_client = utf8 */;
CREATE TABLE `anuf` (
  `id` int(11) NOT NULL AUTO_INCREMENT,
  `anuf` int(4) DEFAULT NULL,
  `id_ga` varchar(10) DEFAULT NULL,
  `nome_ga` varchar(60) DEFAULT NULL,
  `estacao` varchar(6) DEFAULT NULL,
  `porta` int(3) DEFAULT NULL,
  `descricao` varchar(80) DEFAULT NULL,
  `aberta` varchar(45) DEFAULT NULL,
  `perda` varchar(45) DEFAULT NULL,
  PRIMARY KEY (`id`)
) ENGINE=InnoDB AUTO_INCREMENT=889 DEFAULT CHARSET=utf8;
/*!40101 SET character_set_client = @saved_cs_client */;

--
-- Dumping data for table `anuf`
--

LOCK TABLES `anuf` WRITE;
/*!40000 ALTER TABLE `anuf` DISABLE KEYS */;
INSERT INTO `anuf` VALUES (1,42,'391789','RUDINEI','PGSM',2,'','0','0'),(2,42,'391789','RUDINEI','PGSM',3,'        0  ','     2 km','    1 km'),(3,42,'391789','RUDINEI','PGSM',4,'0','0','0'),(4,42,'391789','RUDINEI','PGSM',5,'0','0','0'),(5,42,'391789','RUDINEI','PGSM',6,'0','0','0'),(6,42,'391789','RUDINEI','PGSM',7,'0','0','0'),(7,42,'391789','RUDINEI','PGSM',8,'0','0','0'),(8,42,'391789','RUDINEI','PGSM',9,'0','0','0'),(9,42,'391789','RUDINEI','PGSM',10,'0','0','0'),(10,42,'391789','RUDINEI','PGSM',11,'0','0','0'),(11,42,'391789','RUDINEI','PGSM',12,'0','0','0'),(12,42,'391789','RUDINEI','PGSM',13,'0','0','0'),(13,42,'391789','RUDINEI','PGSM',14,'0','0','0'),(14,42,'391789','RUDINEI','PGSM',15,'0','0','0'),(15,42,'391789','RUDINEI','PGSM',16,'0','0','0'),(16,42,'391789','RUDINEI','PGSM',17,'0','0','0'),(17,42,'391789','RUDINEI','PGSM',18,'0','0','0'),(18,42,'391789','RUDINEI','PGSM',19,'0','0','0'),(19,42,'391789','RUDINEI','PGSM',20,'0','0','0'),(20,42,'391789','RUDINEI','PGSM',21,'0','0','0'),(21,42,'391789','RUDINEI','PGSM',22,'0','0','0'),(22,42,'391789','RUDINEI','PGSM',23,'0','0','0'),(23,42,'391789','RUDINEI','PGSM',24,'0','0','0'),(24,42,'391789','RUDINEI','PGSM',25,'0','0','0'),(25,42,'391789','RUDINEI','PGSM',26,'0','0','0'),(26,42,'391789','RUDINEI','PGSM',27,'0','0','0'),(27,42,'391789','RUDINEI','PGSM',28,'0','0','0'),(28,42,'391789','RUDINEI','PGSM',29,'0','0','0'),(29,42,'391789','RUDINEI','PGSM',30,'0','0','0'),(30,42,'391789','RUDINEI','PGSM',31,'0','0','0'),(31,42,'391789','RUDINEI','PGSM',32,'0','0','0'),(32,42,'391789','RUDINEI','PGSM',33,'0','0','0'),(33,42,'391789','RUDINEI','PGSM',34,'0','0','0'),(34,42,'391789','RUDINEI','PGSM',35,'0','0','0'),(35,42,'391789','RUDINEI','PGSM',36,'0','0','0'),(36,42,'391789','RUDINEI','PGSM',37,'0','0','0'),(37,42,'391789','RUDINEI','PGSM',38,'0','0','0'),(38,42,'391789','RUDINEI','PGSM',39,'0','0','0'),(39,42,'391789','RUDINEI','PGSM',40,'0','0','0'),(40,42,'391789','RUDINEI','PGSM',41,'0','0','0'),(41,42,'391789','RUDINEI','PGSM',42,'0','0','0'),(42,42,'391789','RUDINEI','PGSM',43,'0','0','0'),(43,42,'391789','RUDINEI','PGSM',44,'0','0','0'),(44,42,'391789','RUDINEI','PGSM',45,'0','0','0'),(45,42,'391789','RUDINEI','PGSM',46,'0','0','0'),(46,42,'391789','RUDINEI','PGSM',47,'0','0','0'),(47,42,'391789','RUDINEI','PGSM',48,'0','0','0'),(48,42,'391789','RUDINEI','PGSM',49,'0','0','0'),(49,42,'391789','RUDINEI','PGSM',50,'0','0','0'),(50,42,'391789','RUDINEI','PGSM',51,'0','0','0'),(51,42,'391789','RUDINEI','PGSM',52,'0','0','0'),(52,42,'391789','RUDINEI','PGSM',53,'0','0','0'),(53,42,'391789','RUDINEI','PGSM',54,'0','0','0'),(54,42,'391789','RUDINEI','PGSM',55,'0','0','0'),(55,42,'391789','RUDINEI','PGSM',56,'0','0','0'),(56,42,'391789','RUDINEI','PGSM',57,'0','0','0'),(57,42,'391789','RUDINEI','PGSM',58,'0','0','0'),(58,42,'391789','RUDINEI','PGSM',59,'0','0','0'),(59,42,'391789','RUDINEI','PGSM',60,'0','0','0'),(60,42,'391789','RUDINEI','PGSM',61,'0','0','0'),(61,42,'391789','RUDINEI','PGSM',62,'0','0','0'),(62,42,'391789','RUDINEI','PGSM',63,'0','0','0'),(63,42,'391789','RUDINEI','PGSM',64,'0','0','0'),(64,42,'391789','RUDINEI','PGSM',65,'0','0','0'),(65,42,'391789','RUDINEI','PGSM',66,'0','0','0'),(66,42,'391789','RUDINEI','PGSM',67,'0','0','0'),(67,42,'391789','RUDINEI','PGSM',68,'0','0','0'),(68,42,'391789','RUDINEI','PGSM',69,'0','0','0'),(69,42,'391789','RUDINEI','PGSM',70,'0','0','0'),(70,42,'391789','RUDINEI','PGSM',71,'0','0','0'),(71,42,'391789','RUDINEI','PGSM',72,'0','0','0'),(72,42,'391789','RUDINEI','PGSM',1,'   desc',' 0',' 0'),(73,41,'384563','CLOVIS','CTA',2,'0','0','0'),(74,41,'384563','CLOVIS','CTA',3,'0','0','0'),(75,41,'384563','CLOVIS','CTA',4,'0','0','0'),(76,41,'384563','CLOVIS','CTA',5,'0','0','0'),(77,41,'384563','CLOVIS','CTA',6,'0','0','0'),(78,41,'384563','CLOVIS','CTA',7,'0','0','0'),(79,41,'384563','CLOVIS','CTA',8,'teste 3','  0','  0'),(80,41,'384563','CLOVIS','CTA',9,'0','0','0'),(81,41,'384563','CLOVIS','CTA',10,'0','0','0'),(82,41,'384563','CLOVIS','CTA',11,'0','0','0'),(83,41,'384563','CLOVIS','CTA',12,'0','0','0'),(84,41,'384563','CLOVIS','CTA',13,'0','0','0'),(85,41,'384563','CLOVIS','CTA',14,'0','0','0'),(86,41,'384563','CLOVIS','CTA',15,'0','0','0'),(87,41,'384563','CLOVIS','CTA',16,'0','0','0'),(88,41,'384563','CLOVIS','CTA',17,'0','0','0'),(89,41,'384563','CLOVIS','CTA',18,'0','0','0'),(90,41,'384563','CLOVIS','CTA',19,'0','0','0'),(91,41,'384563','CLOVIS','CTA',20,'0','0','0'),(92,41,'384563','CLOVIS','CTA',21,'0','0','0'),(93,41,'384563','CLOVIS','CTA',22,'0','0','0'),(94,41,'384563','CLOVIS','CTA',23,'0','0','0'),(95,41,'384563','CLOVIS','CTA',24,'0','0','0'),(96,41,'384563','CLOVIS','CTA',25,'0','0','0'),(97,41,'384563','CLOVIS','CTA',26,'0','0','0'),(98,41,'384563','CLOVIS','CTA',27,'0','0','0'),(99,41,'384563','CLOVIS','CTA',28,'0','0','0'),(100,41,'384563','CLOVIS','CTA',29,'0','0','0'),(101,41,'384563','CLOVIS','CTA',30,'0','0','0'),(102,41,'384563','CLOVIS','CTA',31,'0','0','0'),(103,41,'384563','CLOVIS','CTA',32,'0','0','0'),(104,41,'384563','CLOVIS','CTA',33,'0','0','0'),(105,41,'384563','CLOVIS','CTA',34,'0','0','0'),(106,41,'384563','CLOVIS','CTA',35,'0','0','0'),(107,41,'384563','CLOVIS','CTA',36,'0','0','0'),(108,41,'384563','CLOVIS','CTA',37,'0','0','0'),(109,41,'384563','CLOVIS','CTA',38,'0','0','0'),(110,41,'384563','CLOVIS','CTA',39,'0','0','0'),(111,41,'384563','CLOVIS','CTA',40,'0','0','0'),(112,41,'384563','CLOVIS','CTA',41,'0','0','0'),(113,41,'384563','CLOVIS','CTA',42,'0','0','0'),(114,41,'384563','CLOVIS','CTA',43,'0','0','0'),(115,41,'384563','CLOVIS','CTA',44,'0','0','0'),(116,41,'384563','CLOVIS','CTA',45,'0','0','0'),(117,41,'384563','CLOVIS','CTA',46,'0','0','0'),(118,41,'384563','CLOVIS','CTA',47,'0','0','0'),(119,41,'384563','CLOVIS','CTA',48,'0','0','0'),(120,41,'384563','CLOVIS','CTA',49,'0','0','0'),(121,41,'384563','CLOVIS','CTA',50,'0','0','0'),(122,41,'384563','CLOVIS','CTA',51,'0','0','0'),(123,41,'384563','CLOVIS','CTA',52,'0','0','0'),(124,41,'384563','CLOVIS','CTA',53,'0','0','0'),(125,41,'384563','CLOVIS','CTA',54,'0','0','0'),(126,41,'384563','CLOVIS','CTA',55,'0','0','0'),(127,41,'384563','CLOVIS','CTA',56,'0','0','0'),(128,41,'384563','CLOVIS','CTA',57,'0','0','0'),(129,41,'384563','CLOVIS','CTA',58,'0','0','0'),(130,41,'384563','CLOVIS','CTA',59,'0','0','0'),(131,41,'384563','CLOVIS','CTA',60,'0','0','0'),(132,41,'384563','CLOVIS','CTA',61,'0','0','0'),(133,41,'384563','CLOVIS','CTA',62,'0','0','0'),(134,41,'384563','CLOVIS','CTA',63,'0','0','0'),(135,41,'384563','CLOVIS','CTA',64,'0','0','0'),(136,41,'384563','CLOVIS','CTA',65,'0','0','0'),(137,41,'384563','CLOVIS','CTA',66,'0','0','0'),(138,41,'384563','CLOVIS','CTA',67,'0','0','0'),(139,41,'384563','CLOVIS','CTA',68,'0','0','0'),(140,41,'384563','CLOVIS','CTA',69,'0','0','0'),(141,41,'384563','CLOVIS','CTA',70,'0','0','0'),(142,41,'384563','CLOVIS','CTA',71,'0','0','0'),(143,41,'384563','CLOVIS','CTA',72,'0','0','0'),(144,41,'384563','CLOVIS','SJP',1,'0','0','0'),(145,41,'384563','CLOVIS','SJP',2,'0','0','0'),(146,41,'384563','CLOVIS','SJP',3,'0','0','0'),(147,41,'384563','CLOVIS','SJP',4,'0','0','0'),(148,41,'384563','CLOVIS','SJP',5,'0','0','0'),(149,41,'384563','CLOVIS','SJP',6,'0','0','0'),(150,41,'384563','CLOVIS','SJP',7,'0','0','0'),(151,41,'384563','CLOVIS','SJP',8,'0','0','0'),(152,41,'384563','CLOVIS','SJP',9,'0','0','0'),(153,41,'384563','CLOVIS','SJP',10,'0','0','0'),(154,41,'384563','CLOVIS','SJP',11,'0','0','0'),(155,41,'384563','CLOVIS','SJP',12,'0','0','0'),(156,41,'384563','CLOVIS','SJP',13,'0','0','0'),(157,41,'384563','CLOVIS','SJP',14,'0','0','0'),(158,41,'384563','CLOVIS','SJP',15,'0','0','0'),(159,41,'384563','CLOVIS','SJP',16,'0','0','0'),(160,41,'384563','CLOVIS','SJP',17,'0','0','0'),(161,41,'384563','CLOVIS','SJP',18,'0','0','0'),(162,41,'384563','CLOVIS','SJP',19,'0','0','0'),(163,41,'384563','CLOVIS','SJP',20,'0','0','0'),(164,41,'384563','CLOVIS','SJP',21,'0','0','0'),(165,41,'384563','CLOVIS','SJP',22,'0','0','0'),(166,41,'384563','CLOVIS','SJP',23,'0','0','0'),(167,41,'384563','CLOVIS','SJP',24,'0','0','0'),(168,41,'384563','CLOVIS','SJP',25,'0','0','0'),(169,41,'384563','CLOVIS','SJP',26,'0','0','0'),(170,41,'384563','CLOVIS','SJP',27,'0','0','0'),(171,41,'384563','CLOVIS','SJP',28,'0','0','0'),(172,41,'384563','CLOVIS','SJP',29,'0','0','0'),(173,41,'384563','CLOVIS','SJP',30,'0','0','0'),(174,41,'384563','CLOVIS','SJP',31,'0','0','0'),(175,41,'384563','CLOVIS','SJP',32,'0','0','0'),(176,41,'384563','CLOVIS','SJP',33,'0','0','0'),(177,41,'384563','CLOVIS','SJP',34,'0','0','0'),(178,41,'384563','CLOVIS','SJP',35,'0','0','0'),(179,41,'384563','CLOVIS','SJP',36,'0','0','0'),(180,41,'384563','CLOVIS','SJP',37,'0','0','0'),(181,41,'384563','CLOVIS','SJP',38,'0','0','0'),(182,41,'384563','CLOVIS','SJP',39,'0','0','0'),(183,41,'384563','CLOVIS','SJP',40,'0','0','0'),(184,41,'384563','CLOVIS','SJP',41,'0','0','0'),(185,41,'384563','CLOVIS','SJP',42,'0','0','0'),(186,41,'384563','CLOVIS','SJP',43,'0','0','0'),(187,41,'384563','CLOVIS','SJP',44,'0','0','0'),(188,41,'384563','CLOVIS','SJP',45,'0','0','0'),(189,41,'384563','CLOVIS','SJP',46,'0','0','0'),(190,41,'384563','CLOVIS','SJP',47,'0','0','0'),(191,41,'384563','CLOVIS','SJP',48,'0','0','0'),(192,41,'384563','CLOVIS','SJP',49,'0','0','0'),(193,41,'384563','CLOVIS','SJP',50,'0','0','0'),(194,41,'384563','CLOVIS','SJP',51,'0','0','0'),(195,41,'384563','CLOVIS','SJP',52,'0','0','0'),(196,41,'384563','CLOVIS','SJP',53,'0','0','0'),(197,41,'384563','CLOVIS','SJP',54,'0','0','0'),(198,41,'384563','CLOVIS','SJP',55,'0','0','0'),(199,41,'384563','CLOVIS','SJP',56,'0','0','0'),(200,41,'384563','CLOVIS','SJP',57,'0','0','0'),(201,41,'384563','CLOVIS','SJP',58,'0','0','0'),(202,41,'384563','CLOVIS','SJP',59,'0','0','0'),(203,41,'384563','CLOVIS','SJP',60,'0','0','0'),(204,41,'384563','CLOVIS','SJP',61,'0','0','0'),(205,41,'384563','CLOVIS','SJP',62,'0','0','0'),(206,41,'384563','CLOVIS','SJP',63,'0','0','0'),(207,41,'384563','CLOVIS','SJP',64,'0','0','0'),(208,41,'384563','CLOVIS','SJP',65,'0','0','0'),(209,41,'384563','CLOVIS','SJP',66,'0','0','0'),(210,41,'384563','CLOVIS','SJP',67,'0','0','0'),(211,41,'384563','CLOVIS','SJP',68,'0','0','0'),(212,41,'384563','CLOVIS','SJP',69,'0','0','0'),(213,41,'384563','CLOVIS','SJP',70,'0','0','0'),(214,41,'384563','CLOVIS','SJP',71,'0','0','0'),(215,41,'384563','CLOVIS','SJP',72,'0','0','0'),(216,41,'384563','CLOVIS','ATT',1,'0','0','0'),(217,41,'384563','CLOVIS','ATT',2,'0','0','0'),(218,41,'384563','CLOVIS','ATT',3,'0','0','0'),(219,41,'384563','CLOVIS','ATT',4,'0','0','0'),(220,41,'384563','CLOVIS','ATT',5,'0','0','0'),(221,41,'384563','CLOVIS','ATT',6,'0','0','0'),(222,41,'384563','CLOVIS','ATT',7,'0','0','0'),(223,41,'384563','CLOVIS','ATT',8,'0','0','0'),(224,41,'384563','CLOVIS','ATT',9,'0','0','0'),(225,41,'384563','CLOVIS','ATT',10,'0','0','0'),(226,41,'384563','CLOVIS','ATT',11,'0','0','0'),(227,41,'384563','CLOVIS','ATT',12,'0','0','0'),(228,41,'384563','CLOVIS','ATT',13,'0','0','0'),(229,41,'384563','CLOVIS','ATT',14,'0','0','0'),(230,41,'384563','CLOVIS','ATT',15,'0','0','0'),(231,41,'384563','CLOVIS','ATT',16,'0','0','0'),(232,41,'384563','CLOVIS','ATT',17,'0','0','0'),(233,41,'384563','CLOVIS','ATT',18,'0','0','0'),(234,41,'384563','CLOVIS','ATT',19,'0','0','0'),(235,41,'384563','CLOVIS','ATT',20,'0','0','0'),(236,41,'384563','CLOVIS','ATT',21,'0','0','0'),(237,41,'384563','CLOVIS','ATT',22,'0','0','0'),(238,41,'384563','CLOVIS','ATT',23,'0','0','0'),(239,41,'384563','CLOVIS','ATT',24,'0','0','0'),(240,41,'384563','CLOVIS','ATT',25,'0','0','0'),(241,41,'384563','CLOVIS','ATT',26,'0','0','0'),(242,41,'384563','CLOVIS','ATT',27,'0','0','0'),(243,41,'384563','CLOVIS','ATT',28,'0','0','0'),(244,41,'384563','CLOVIS','ATT',29,'0','0','0'),(245,41,'384563','CLOVIS','ATT',30,'0','0','0'),(246,41,'384563','CLOVIS','ATT',31,'0','0','0'),(247,41,'384563','CLOVIS','ATT',32,'0','0','0'),(248,41,'384563','CLOVIS','ATT',33,'0','0','0'),(249,41,'384563','CLOVIS','ATT',34,'0','0','0'),(250,41,'384563','CLOVIS','ATT',35,'0','0','0'),(251,41,'384563','CLOVIS','ATT',36,'0','0','0'),(252,41,'384563','CLOVIS','ATT',37,'0','0','0'),(253,41,'384563','CLOVIS','ATT',38,'0','0','0'),(254,41,'384563','CLOVIS','ATT',39,'0','0','0'),(255,41,'384563','CLOVIS','ATT',40,'0','0','0'),(256,41,'384563','CLOVIS','ATT',41,'0','0','0'),(257,41,'384563','CLOVIS','ATT',42,'0','0','0'),(258,41,'384563','CLOVIS','ATT',43,'0','0','0'),(259,41,'384563','CLOVIS','ATT',44,'0','0','0'),(260,41,'384563','CLOVIS','ATT',45,'0','0','0'),(261,41,'384563','CLOVIS','ATT',46,'0','0','0'),(262,41,'384563','CLOVIS','ATT',47,'0','0','0'),(263,41,'384563','CLOVIS','ATT',48,'0','0','0'),(264,41,'384563','CLOVIS','ATT',49,'0','0','0'),(265,41,'384563','CLOVIS','ATT',50,'0','0','0'),(266,41,'384563','CLOVIS','ATT',51,'0','0','0'),(267,41,'384563','CLOVIS','ATT',52,'0','0','0'),(268,41,'384563','CLOVIS','ATT',53,'0','0','0'),(269,41,'384563','CLOVIS','ATT',54,'0','0','0'),(270,41,'384563','CLOVIS','ATT',55,'0','0','0'),(271,41,'384563','CLOVIS','ATT',56,'0','0','0'),(272,41,'384563','CLOVIS','ATT',57,'0','0','0'),(273,41,'384563','CLOVIS','ATT',58,'0','0','0'),(274,41,'384563','CLOVIS','ATT',59,'0','0','0'),(275,41,'384563','CLOVIS','ATT',60,'0','0','0'),(276,41,'384563','CLOVIS','ATT',61,'0','0','0'),(277,41,'384563','CLOVIS','ATT',62,'0','0','0'),(278,41,'384563','CLOVIS','ATT',63,'0','0','0'),(279,41,'384563','CLOVIS','ATT',64,'0','0','0'),(280,41,'384563','CLOVIS','ATT',65,'0','0','0'),(281,41,'384563','CLOVIS','ATT',66,'0','0','0'),(282,41,'384563','CLOVIS','ATT',67,'0','0','0'),(283,41,'384563','CLOVIS','ATT',68,'0','0','0'),(284,41,'384563','CLOVIS','ATT',69,'0','0','0'),(285,41,'384563','CLOVIS','ATT',70,'0','0','0'),(286,41,'384563','CLOVIS','ATT',71,'0','0','0'),(287,41,'384563','CLOVIS','ATT',72,'0','0','0'),(288,41,'384563','CLOVIS','CBX',1,'0','0','0'),(289,41,'384563','CLOVIS','CBX',2,'0','0','0'),(290,41,'384563','CLOVIS','CBX',3,'0','0','0'),(291,41,'384563','CLOVIS','CBX',4,'0','0','0'),(292,41,'384563','CLOVIS','CBX',5,'0','0','0'),(293,41,'384563','CLOVIS','CBX',6,'0','0','0'),(294,41,'384563','CLOVIS','CBX',7,'0','0','0'),(295,41,'384563','CLOVIS','CBX',8,'0','0','0'),(296,41,'384563','CLOVIS','CBX',9,'0','0','0'),(297,41,'384563','CLOVIS','CBX',10,'0','0','0'),(298,41,'384563','CLOVIS','CBX',11,'0','0','0'),(299,41,'384563','CLOVIS','CBX',12,'0','0','0'),(300,41,'384563','CLOVIS','CBX',13,'0','0','0'),(301,41,'384563','CLOVIS','CBX',14,'0','0','0'),(302,41,'384563','CLOVIS','CBX',15,'0','0','0'),(303,41,'384563','CLOVIS','CBX',16,'0','0','0'),(304,41,'384563','CLOVIS','CBX',17,'0','0','0'),(305,41,'384563','CLOVIS','CBX',18,'0','0','0'),(306,41,'384563','CLOVIS','CBX',19,'0','0','0'),(307,41,'384563','CLOVIS','CBX',20,'0','0','0'),(308,41,'384563','CLOVIS','CBX',21,'0','0','0'),(309,41,'384563','CLOVIS','CBX',22,'0','0','0'),(310,41,'384563','CLOVIS','CBX',23,'0','0','0'),(311,41,'384563','CLOVIS','CBX',24,'0','0','0'),(312,41,'384563','CLOVIS','CBX',25,'0','0','0'),(313,41,'384563','CLOVIS','CBX',26,'0','0','0'),(314,41,'384563','CLOVIS','CBX',27,'0','0','0'),(315,41,'384563','CLOVIS','CBX',28,'0','0','0'),(316,41,'384563','CLOVIS','CBX',29,'0','0','0'),(317,41,'384563','CLOVIS','CBX',30,'0','0','0'),(318,41,'384563','CLOVIS','CBX',31,'0','0','0'),(319,41,'384563','CLOVIS','CBX',32,'0','0','0'),(320,41,'384563','CLOVIS','CBX',33,'0','0','0'),(321,41,'384563','CLOVIS','CBX',34,'0','0','0'),(322,41,'384563','CLOVIS','CBX',35,'0','0','0'),(323,41,'384563','CLOVIS','CBX',36,'0','0','0'),(324,41,'384563','CLOVIS','CBX',37,'0','0','0'),(325,41,'384563','CLOVIS','CBX',38,'0','0','0'),(326,41,'384563','CLOVIS','CBX',39,'0','0','0'),(327,41,'384563','CLOVIS','CBX',40,'0','0','0'),(328,41,'384563','CLOVIS','CBX',41,'0','0','0'),(329,41,'384563','CLOVIS','CBX',42,'0','0','0'),(330,41,'384563','CLOVIS','CBX',43,'0','0','0'),(331,41,'384563','CLOVIS','CBX',44,'0','0','0'),(332,41,'384563','CLOVIS','CBX',45,'0','0','0'),(333,41,'384563','CLOVIS','CBX',46,'0','0','0'),(334,41,'384563','CLOVIS','CBX',47,'0','0','0'),(335,41,'384563','CLOVIS','CBX',48,'0','0','0'),(336,41,'384563','CLOVIS','CBX',49,'0','0','0'),(337,41,'384563','CLOVIS','CBX',50,'0','0','0'),(338,41,'384563','CLOVIS','CBX',51,'0','0','0'),(339,41,'384563','CLOVIS','CBX',52,'0','0','0'),(340,41,'384563','CLOVIS','CBX',53,'0','0','0'),(341,41,'384563','CLOVIS','CBX',54,'0','0','0'),(342,41,'384563','CLOVIS','CBX',55,'0','0','0'),(343,41,'384563','CLOVIS','CBX',56,'0','0','0'),(344,41,'384563','CLOVIS','CBX',57,'0','0','0'),(345,41,'384563','CLOVIS','CBX',58,'0','0','0'),(346,41,'384563','CLOVIS','CBX',59,'0','0','0'),(347,41,'384563','CLOVIS','CBX',60,'0','0','0'),(348,41,'384563','CLOVIS','CBX',61,'0','0','0'),(349,41,'384563','CLOVIS','CBX',62,'0','0','0'),(350,41,'384563','CLOVIS','CBX',63,'0','0','0'),(351,41,'384563','CLOVIS','CBX',64,'0','0','0'),(352,41,'384563','CLOVIS','CBX',65,'0','0','0'),(353,41,'384563','CLOVIS','CBX',66,'0','0','0'),(354,41,'384563','CLOVIS','CBX',67,'0','0','0'),(355,41,'384563','CLOVIS','CBX',68,'0','0','0'),(356,41,'384563','CLOVIS','CBX',69,'0','0','0'),(357,41,'384563','CLOVIS','CBX',70,'0','0','0'),(358,41,'384563','CLOVIS','CBX',71,'0','0','0'),(359,41,'384563','CLOVIS','CBX',72,'0','0','0'),(360,41,'384563','CLOVIS','RBL',1,'0','0','0'),(361,41,'384563','CLOVIS','RBL',2,'0','0','0'),(362,41,'384563','CLOVIS','RBL',3,'0','0','0'),(363,41,'384563','CLOVIS','RBL',4,'0','0','0'),(364,41,'384563','CLOVIS','RBL',5,'0','0','0'),(365,41,'384563','CLOVIS','RBL',6,'0','0','0'),(366,41,'384563','CLOVIS','RBL',7,'0','0','0'),(367,41,'384563','CLOVIS','RBL',8,'0','0','0'),(368,41,'384563','CLOVIS','RBL',9,'0','0','0'),(369,41,'384563','CLOVIS','RBL',10,'0','0','0'),(370,41,'384563','CLOVIS','RBL',11,'0','0','0'),(371,41,'384563','CLOVIS','RBL',12,'0','0','0'),(372,41,'384563','CLOVIS','RBL',13,'0','0','0'),(373,41,'384563','CLOVIS','RBL',14,'0','0','0'),(374,41,'384563','CLOVIS','RBL',15,'0','0','0'),(375,41,'384563','CLOVIS','RBL',16,'0','0','0'),(376,41,'384563','CLOVIS','RBL',17,'0','0','0'),(377,41,'384563','CLOVIS','RBL',18,'0','0','0'),(378,41,'384563','CLOVIS','RBL',19,'0','0','0'),(379,41,'384563','CLOVIS','RBL',20,'0','0','0'),(380,41,'384563','CLOVIS','RBL',21,'0','0','0'),(381,41,'384563','CLOVIS','RBL',22,'0','0','0'),(382,41,'384563','CLOVIS','RBL',23,'0','0','0'),(383,41,'384563','CLOVIS','RBL',24,'0','0','0'),(384,41,'384563','CLOVIS','RBL',25,'0','0','0'),(385,41,'384563','CLOVIS','RBL',26,'0','0','0'),(386,41,'384563','CLOVIS','RBL',27,'0','0','0'),(387,41,'384563','CLOVIS','RBL',28,'0','0','0'),(388,41,'384563','CLOVIS','RBL',29,'0','0','0'),(389,41,'384563','CLOVIS','RBL',30,'0','0','0'),(390,41,'384563','CLOVIS','RBL',31,'0','0','0'),(391,41,'384563','CLOVIS','RBL',32,'0','0','0'),(392,41,'384563','CLOVIS','RBL',33,'0','0','0'),(393,41,'384563','CLOVIS','RBL',34,'0','0','0'),(394,41,'384563','CLOVIS','RBL',35,'0','0','0'),(395,41,'384563','CLOVIS','RBL',36,'0','0','0'),(396,41,'384563','CLOVIS','RBL',37,'0','0','0'),(397,41,'384563','CLOVIS','RBL',38,'0','0','0'),(398,41,'384563','CLOVIS','RBL',39,'0','0','0'),(399,41,'384563','CLOVIS','RBL',40,'0','0','0'),(400,41,'384563','CLOVIS','RBL',41,'0','0','0'),(401,41,'384563','CLOVIS','RBL',42,'0','0','0'),(402,41,'384563','CLOVIS','RBL',43,'0','0','0'),(403,41,'384563','CLOVIS','RBL',44,'0','0','0'),(404,41,'384563','CLOVIS','RBL',45,'0','0','0'),(405,41,'384563','CLOVIS','RBL',46,'0','0','0'),(406,41,'384563','CLOVIS','RBL',47,'0','0','0'),(407,41,'384563','CLOVIS','RBL',48,'0','0','0'),(408,41,'384563','CLOVIS','RBL',49,'0','0','0'),(409,41,'384563','CLOVIS','RBL',50,'0','0','0'),(410,41,'384563','CLOVIS','RBL',51,'0','0','0'),(411,41,'384563','CLOVIS','RBL',52,'0','0','0'),(412,41,'384563','CLOVIS','RBL',53,'0','0','0'),(413,41,'384563','CLOVIS','RBL',54,'0','0','0'),(414,41,'384563','CLOVIS','RBL',55,'0','0','0'),(415,41,'384563','CLOVIS','RBL',56,'0','0','0'),(416,41,'384563','CLOVIS','RBL',57,'0','0','0'),(417,41,'384563','CLOVIS','RBL',58,'0','0','0'),(418,41,'384563','CLOVIS','RBL',59,'0','0','0'),(419,41,'384563','CLOVIS','RBL',60,'0','0','0'),(420,41,'384563','CLOVIS','RBL',61,'0','0','0'),(421,41,'384563','CLOVIS','RBL',62,'0','0','0'),(422,41,'384563','CLOVIS','RBL',63,'0','0','0'),(423,41,'384563','CLOVIS','RBL',64,'0','0','0'),(424,41,'384563','CLOVIS','RBL',65,'0','0','0'),(425,41,'384563','CLOVIS','RBL',66,'0','0','0'),(426,41,'384563','CLOVIS','RBL',67,'0','0','0'),(427,41,'384563','CLOVIS','RBL',68,'0','0','0'),(428,41,'384563','CLOVIS','RBL',69,'0','0','0'),(429,41,'384563','CLOVIS','RBL',70,'0','0','0'),(430,41,'384563','CLOVIS','RBL',71,'0','0','0'),(431,41,'384563','CLOVIS','RBL',72,'0','0','0'),(432,41,'384563','CLOVIS','AUC',1,'0','0','0'),(433,41,'384563','CLOVIS','AUC',2,'0','0','0'),(434,41,'384563','CLOVIS','AUC',3,'0','0','0'),(435,41,'384563','CLOVIS','AUC',4,'0','0','0'),(436,41,'384563','CLOVIS','AUC',5,'0','0','0'),(437,41,'384563','CLOVIS','AUC',6,'0','0','0'),(438,41,'384563','CLOVIS','AUC',7,'0','0','0'),(439,41,'384563','CLOVIS','AUC',8,'0','0','0'),(440,41,'384563','CLOVIS','AUC',9,'0','0','0'),(441,41,'384563','CLOVIS','AUC',10,'0','0','0'),(442,41,'384563','CLOVIS','AUC',11,'0','0','0'),(443,41,'384563','CLOVIS','AUC',12,'0','0','0'),(444,41,'384563','CLOVIS','AUC',13,'0','0','0'),(445,41,'384563','CLOVIS','AUC',14,'0','0','0'),(446,41,'384563','CLOVIS','AUC',15,'0','0','0'),(447,41,'384563','CLOVIS','AUC',16,'0','0','0'),(448,41,'384563','CLOVIS','AUC',17,'0','0','0'),(449,41,'384563','CLOVIS','AUC',18,'0','0','0'),(450,41,'384563','CLOVIS','AUC',19,'0','0','0'),(451,41,'384563','CLOVIS','AUC',20,'0','0','0'),(452,41,'384563','CLOVIS','AUC',21,'0','0','0'),(453,41,'384563','CLOVIS','AUC',22,'0','0','0'),(454,41,'384563','CLOVIS','AUC',23,'0','0','0'),(455,41,'384563','CLOVIS','AUC',24,'0','0','0'),(456,41,'384563','CLOVIS','AUC',25,'0','0','0'),(457,41,'384563','CLOVIS','AUC',26,'0','0','0'),(458,41,'384563','CLOVIS','AUC',27,'0','0','0'),(459,41,'384563','CLOVIS','AUC',28,'0','0','0'),(460,41,'384563','CLOVIS','AUC',29,'0','0','0'),(461,41,'384563','CLOVIS','AUC',30,'0','0','0'),(462,41,'384563','CLOVIS','AUC',31,'0','0','0'),(463,41,'384563','CLOVIS','AUC',32,'0','0','0'),(464,41,'384563','CLOVIS','AUC',33,'0','0','0'),(465,41,'384563','CLOVIS','AUC',34,'0','0','0'),(466,41,'384563','CLOVIS','AUC',35,'0','0','0'),(467,41,'384563','CLOVIS','AUC',36,'0','0','0'),(468,41,'384563','CLOVIS','AUC',37,'0','0','0'),(469,41,'384563','CLOVIS','AUC',38,'0','0','0'),(470,41,'384563','CLOVIS','AUC',39,'0','0','0'),(471,41,'384563','CLOVIS','AUC',40,'0','0','0'),(472,41,'384563','CLOVIS','AUC',41,'0','0','0'),(473,41,'384563','CLOVIS','AUC',42,'0','0','0'),(474,41,'384563','CLOVIS','AUC',43,'0','0','0'),(475,41,'384563','CLOVIS','AUC',44,'0','0','0'),(476,41,'384563','CLOVIS','AUC',45,'0','0','0'),(477,41,'384563','CLOVIS','AUC',46,'0','0','0'),(478,41,'384563','CLOVIS','AUC',47,'0','0','0'),(479,41,'384563','CLOVIS','AUC',48,'0','0','0'),(480,41,'384563','CLOVIS','AUC',49,'0','0','0'),(481,41,'384563','CLOVIS','AUC',50,'0','0','0'),(482,41,'384563','CLOVIS','AUC',51,'0','0','0'),(483,41,'384563','CLOVIS','AUC',52,'0','0','0'),(484,41,'384563','CLOVIS','AUC',53,'0','0','0'),(485,41,'384563','CLOVIS','AUC',54,'0','0','0'),(486,41,'384563','CLOVIS','AUC',55,'0','0','0'),(487,41,'384563','CLOVIS','AUC',56,'0','0','0'),(488,41,'384563','CLOVIS','AUC',57,'0','0','0'),(489,41,'384563','CLOVIS','AUC',58,'0','0','0'),(490,41,'384563','CLOVIS','AUC',59,'0','0','0'),(491,41,'384563','CLOVIS','AUC',60,'0','0','0'),(492,41,'384563','CLOVIS','AUC',61,'0','0','0'),(493,41,'384563','CLOVIS','AUC',62,'0','0','0'),(494,41,'384563','CLOVIS','AUC',63,'0','0','0'),(495,41,'384563','CLOVIS','AUC',64,'0','0','0'),(496,41,'384563','CLOVIS','AUC',65,'0','0','0'),(497,41,'384563','CLOVIS','AUC',66,'0','0','0'),(498,41,'384563','CLOVIS','AUC',67,'0','0','0'),(499,41,'384563','CLOVIS','AUC',68,'0','0','0'),(500,41,'384563','CLOVIS','AUC',69,'0','0','0'),(501,41,'384563','CLOVIS','AUC',70,'0','0','0'),(502,41,'384563','CLOVIS','AUC',71,'0','0','0'),(503,41,'384563','CLOVIS','AUC',72,'0','0','0'),(504,41,'384563','CLOVIS','LPA',1,'0','0','0'),(505,41,'384563','CLOVIS','LPA',2,'0','0','0'),(506,41,'384563','CLOVIS','LPA',3,'0','0','0'),(507,41,'384563','CLOVIS','LPA',4,'0','0','0'),(508,41,'384563','CLOVIS','LPA',5,'0','0','0'),(509,41,'384563','CLOVIS','LPA',6,'0','0','0'),(510,41,'384563','CLOVIS','LPA',7,'0','0','0'),(511,41,'384563','CLOVIS','LPA',8,'0','0','0'),(512,41,'384563','CLOVIS','LPA',9,'0','0','0'),(513,41,'384563','CLOVIS','LPA',10,'0','0','0'),(514,41,'384563','CLOVIS','LPA',11,'0','0','0'),(515,41,'384563','CLOVIS','LPA',12,'0','0','0'),(516,41,'384563','CLOVIS','LPA',13,'0','0','0'),(517,41,'384563','CLOVIS','LPA',14,'0','0','0'),(518,41,'384563','CLOVIS','LPA',15,'0','0','0'),(519,41,'384563','CLOVIS','LPA',16,'0','0','0'),(520,41,'384563','CLOVIS','LPA',17,'0','0','0'),(521,41,'384563','CLOVIS','LPA',18,'0','0','0'),(522,41,'384563','CLOVIS','LPA',19,'0','0','0'),(523,41,'384563','CLOVIS','LPA',20,'0','0','0'),(524,41,'384563','CLOVIS','LPA',21,'0','0','0'),(525,41,'384563','CLOVIS','LPA',22,'0','0','0'),(526,41,'384563','CLOVIS','LPA',23,'0','0','0'),(527,41,'384563','CLOVIS','LPA',24,'0','0','0'),(528,41,'384563','CLOVIS','LPA',25,'0','0','0'),(529,41,'384563','CLOVIS','LPA',26,'0','0','0'),(530,41,'384563','CLOVIS','LPA',27,'0','0','0'),(531,41,'384563','CLOVIS','LPA',28,'0','0','0'),(532,41,'384563','CLOVIS','LPA',29,'0','0','0'),(533,41,'384563','CLOVIS','LPA',30,'0','0','0'),(534,41,'384563','CLOVIS','LPA',31,'0','0','0'),(535,41,'384563','CLOVIS','LPA',32,'0','0','0'),(536,41,'384563','CLOVIS','LPA',33,'0','0','0'),(537,41,'384563','CLOVIS','LPA',34,'0','0','0'),(538,41,'384563','CLOVIS','LPA',35,'0','0','0'),(539,41,'384563','CLOVIS','LPA',36,'0','0','0'),(540,41,'384563','CLOVIS','LPA',37,'0','0','0'),(541,41,'384563','CLOVIS','LPA',38,'0','0','0'),(542,41,'384563','CLOVIS','LPA',39,'0','0','0'),(543,41,'384563','CLOVIS','LPA',40,'0','0','0'),(544,41,'384563','CLOVIS','LPA',41,'0','0','0'),(545,41,'384563','CLOVIS','LPA',42,'0','0','0'),(546,41,'384563','CLOVIS','LPA',43,'0','0','0'),(547,41,'384563','CLOVIS','LPA',44,'0','0','0'),(548,41,'384563','CLOVIS','LPA',45,'0','0','0'),(549,41,'384563','CLOVIS','LPA',46,'0','0','0'),(550,41,'384563','CLOVIS','LPA',47,'0','0','0'),(551,41,'384563','CLOVIS','LPA',48,'0','0','0'),(552,41,'384563','CLOVIS','LPA',49,'0','0','0'),(553,41,'384563','CLOVIS','LPA',50,'0','0','0'),(554,41,'384563','CLOVIS','LPA',51,'0','0','0'),(555,41,'384563','CLOVIS','LPA',52,'0','0','0'),(556,41,'384563','CLOVIS','LPA',53,'0','0','0'),(557,41,'384563','CLOVIS','LPA',54,'0','0','0'),(558,41,'384563','CLOVIS','LPA',55,'0','0','0'),(559,41,'384563','CLOVIS','LPA',56,'0','0','0'),(560,41,'384563','CLOVIS','LPA',57,'0','0','0'),(561,41,'384563','CLOVIS','LPA',58,'0','0','0'),(562,41,'384563','CLOVIS','LPA',59,'0','0','0'),(563,41,'384563','CLOVIS','LPA',60,'0','0','0'),(564,41,'384563','CLOVIS','LPA',61,'0','0','0'),(565,41,'384563','CLOVIS','LPA',62,'0','0','0'),(566,41,'384563','CLOVIS','LPA',63,'0','0','0'),(567,41,'384563','CLOVIS','LPA',64,'0','0','0'),(568,41,'384563','CLOVIS','LPA',65,'0','0','0'),(569,41,'384563','CLOVIS','LPA',66,'0','0','0'),(570,41,'384563','CLOVIS','LPA',67,'0','0','0'),(571,41,'384563','CLOVIS','LPA',68,'0','0','0'),(572,41,'384563','CLOVIS','LPA',69,'0','0','0'),(573,41,'384563','CLOVIS','LPA',70,'0','0','0'),(574,41,'384563','CLOVIS','LPA',71,'0','0','0'),(575,41,'384563','CLOVIS','LPA',72,'0','0','0'),(888,41,'384563','CLOVIS','CTA',1,'0','0','0');
/*!40000 ALTER TABLE `anuf` ENABLE KEYS */;
UNLOCK TABLES;

--
-- Table structure for table `log`
--

DROP TABLE IF EXISTS `log`;
/*!40101 SET @saved_cs_client     = @@character_set_client */;
/*!40101 SET character_set_client = utf8 */;
CREATE TABLE `log` (
  `id` int(11) NOT NULL AUTO_INCREMENT,
  `id_ga` varchar(10) DEFAULT NULL,
  `nome_ga` varchar(60) DEFAULT NULL,
  `data_atu` datetime DEFAULT NULL,
  `estacao` varchar(6) DEFAULT NULL,
  `porta` varchar(3) DEFAULT NULL,
  PRIMARY KEY (`id`)
) ENGINE=InnoDB AUTO_INCREMENT=13 DEFAULT CHARSET=utf8;
/*!40101 SET character_set_client = @saved_cs_client */;

--
-- Dumping data for table `log`
--

LOCK TABLES `log` WRITE;
/*!40000 ALTER TABLE `log` DISABLE KEYS */;
INSERT INTO `log` VALUES (11,'384563','CLOVIS','2017-06-09 16:19:11','CTA','8'),(12,'384563','CLOVIS','2017-06-09 16:26:44','CTA','8');
/*!40000 ALTER TABLE `log` ENABLE KEYS */;
UNLOCK TABLES;

--
-- Table structure for table `usuario`
--

DROP TABLE IF EXISTS `usuario`;
/*!40101 SET @saved_cs_client     = @@character_set_client */;
/*!40101 SET character_set_client = utf8 */;
CREATE TABLE `usuario` (
  `id` int(11) NOT NULL,
  `nome` varchar(60) DEFAULT NULL,
  `login` varchar(45) DEFAULT NULL,
  `senha` varchar(45) DEFAULT NULL,
  `acesso` varchar(45) DEFAULT NULL,
  PRIMARY KEY (`id`)
) ENGINE=InnoDB DEFAULT CHARSET=utf8;
/*!40101 SET character_set_client = @saved_cs_client */;

--
-- Dumping data for table `usuario`
--

LOCK TABLES `usuario` WRITE;
/*!40000 ALTER TABLE `usuario` DISABLE KEYS */;
INSERT INTO `usuario` VALUES (384563,'CLOVIS','3','3','41'),(385622,'VILSON','4','4','42'),(391789,'RUDINEI ROSSALES','1','1','ADM'),(396519,'PABLO','7','7','46'),(397654,'ANDRE','5','5','44'),(398766,'TAMARA','6','6','45'),(398877,'ANDERSON','2','2','43');
/*!40000 ALTER TABLE `usuario` ENABLE KEYS */;
UNLOCK TABLES;

--
-- Dumping events for database 'dgo'
--

--
-- Dumping routines for database 'dgo'
--
/*!40103 SET TIME_ZONE=@OLD_TIME_ZONE */;

/*!40101 SET SQL_MODE=@OLD_SQL_MODE */;
/*!40014 SET FOREIGN_KEY_CHECKS=@OLD_FOREIGN_KEY_CHECKS */;
/*!40014 SET UNIQUE_CHECKS=@OLD_UNIQUE_CHECKS */;
/*!40101 SET CHARACTER_SET_CLIENT=@OLD_CHARACTER_SET_CLIENT */;
/*!40101 SET CHARACTER_SET_RESULTS=@OLD_CHARACTER_SET_RESULTS */;
/*!40101 SET COLLATION_CONNECTION=@OLD_COLLATION_CONNECTION */;
/*!40111 SET SQL_NOTES=@OLD_SQL_NOTES */;

-- Dump completed on 2017-06-09 16:48:17
